time/total_timesteps,rollout/ep_len_mean,rollout/ep_rew_mean,time/time_elapsed,time/fps,time/iterations,train/loss,train/policy_gradient_loss,train/n_updates,train/entropy_loss,train/learning_rate,train/clip_fraction,train/std,train/explained_variance,train/clip_range,train/value_loss,train/approx_kl
1024,1002.0,-141132.446207,10,100,1,,,,,,,,,,,
2048,1001.5,-149385.7179005,19,103,2,2800899.75,-0.004226743004983291,10,-7.09634638428688,0.0003,0.0078125,1.0007423162460327,4.076957702636719e-05,0.2,5637569.225,0.005128595
3072,1001.3333333333334,-148289.43759266668,29,102,3,3600459.75,-0.004830408719135449,20,-7.100544863939286,0.0003,0.0154296875,1.0015336275100708,-0.00020456314086914062,0.2,6862094.6875,0.0061648833
4096,1001.25,-131778.07956,39,102,4,2997962.25,-0.0009967690712073818,30,-7.102419978380203,0.0003,0.0,1.0015685558319092,-4.2319297790527344e-05,0.2,6006221.49375,0.0013242069
5120,1001.2,-125619.36968220002,49,103,5,1024859.75,-0.003997116646496579,40,-7.102214115858078,0.0003,0.02236328125,1.0012321472167969,-5.626678466796875e-05,0.2,1976057.140625,0.0061535463
6144,1001.1666666666666,-135853.30360433334,60,101,6,1303179.75,-0.0040482712793163955,50,-7.098815768957138,0.0003,0.02421875,1.0002176761627197,1.7285346984863281e-06,0.2,2712029.275,0.0058458336
7168,1001.1428571428571,-140494.08339171432,71,100,7,6442574.0,-0.0013451562786940484,60,-7.095877379179001,0.0003,0.0,1.000379204750061,-0.0003578662872314453,0.2,11453889.3875,0.00071048056
8192,1001.125,-138687.64077149998,81,100,8,4684366.5,-0.0036707966006360947,70,-7.094541466236114,0.0003,0.0033203125,0.9993857145309448,-0.0007926225662231445,0.2,9501832.2625,0.0033488318
9216,1001.1111111111111,-140781.06308966666,92,100,9,2867179.25,-0.004069816583069041,80,-7.093711543083191,0.0003,0.011328125,1.0003783702850342,-2.1457672119140625e-06,0.2,5780589.475,0.0053375354
10240,1001.1,-140502.161826,102,99,10,4197407.5,-0.002874758932739496,90,-7.096296620368958,0.0003,0.002734375,1.0002886056900024,-3.314018249511719e-05,0.2,7220675.16875,0.0035178014
11264,1001.0909090909091,-147979.80320427273,113,98,11,2417463.25,-0.005190499659511261,100,-7.098245853185654,0.0003,0.01220703125,1.0010887384414673,3.0994415283203125e-06,0.2,5206330.8625,0.0049802354
12288,1001.0833333333334,-145531.10031491666,124,98,12,7655440.5,-0.002241318119922653,110,-7.10030357837677,0.0003,0.00029296875,1.0011837482452393,-1.3470649719238281e-05,0.2,16075975.675,0.0017119112
13312,1001.0769230769231,-147419.7816583846,136,97,13,2000568.875,-0.0027948135510087015,120,-7.101146185398102,0.0003,0.00380859375,1.001340627670288,3.635883331298828e-06,0.2,3896227.28125,0.0037259022
14336,1001.0714285714286,-146574.36074485714,146,97,14,4007838.5,-0.005391621548915282,130,-7.101679086685181,0.0003,0.01259765625,1.001447081565857,-0.0001684427261352539,0.2,8502940.95,0.0056050275
15360,1001.0666666666667,-147575.19975346664,157,97,15,2714917.0,-0.0017050703871063888,140,-7.102034413814545,0.0003,0.0001953125,1.001518964767456,-6.389617919921875e-05,0.2,5575124.675,0.001851595
16384,1001.0625,-147027.9838838125,167,97,16,4460311.5,-0.003085168468533084,150,-7.099874198436737,0.0003,0.00185546875,1.0004619359970093,-1.609325408935547e-05,0.2,8646229.5,0.0029853447
17408,1001.0588235294117,-151444.53051329413,177,97,17,3583390.5,-0.0045239926490467045,160,-7.092992615699768,0.0003,0.01103515625,0.9988353848457336,-3.6954879760742188e-06,0.2,6853638.28125,0.0051939003
18432,1001.0555555555555,-154686.30597755557,189,97,18,7477096.5,-0.003940022943424992,170,-7.088325220346451,0.0003,0.0021484375,0.9988225698471069,8.040666580200195e-05,0.2,14866791.1375,0.0029303238
19456,1001.0526315789474,-156745.75498363157,200,97,19,6258298.0,-0.002577160167857073,180,-7.089666545391083,0.0003,0.000390625,0.9992420077323914,-9.369850158691406e-05,0.2,12906476.7875,0.0016947689
20480,1001.05,-158862.52756445,210,97,20,6707278.5,-0.005047573777846992,190,-7.09353598356247,0.0003,0.0046875,1.0003763437271118,-2.2649765014648438e-06,0.2,14335551.725,0.003776958
21504,1001.047619047619,-160276.3572298095,221,97,21,6029427.0,-0.003711775399278849,200,-7.097717589139938,0.0003,0.00205078125,1.0008236169815063,2.3245811462402344e-06,0.2,12376157.6625,0.0030709212
22528,1001.0454545454545,-161586.10706245454,231,97,22,4628722.0,-0.003259217453887686,210,-7.099544793367386,0.0003,0.00068359375,1.0011285543441772,-7.510185241699219e-06,0.2,10403098.7,0.0027039833
23552,1001.0434782608696,-163274.90381373913,242,97,23,5513867.0,-0.002251664031064138,220,-7.100402635335922,0.0003,0.000390625,1.0011842250823975,-2.7418136596679688e-06,0.2,11231688.575,0.0020736975
24576,1001.0416666666666,-162296.85298979166,252,97,24,5164308.5,-0.005899321293691173,230,-7.101701873540878,0.0003,0.01396484375,1.0016117095947266,-1.1920928955078125e-07,0.2,11627426.0375,0.005359008
25600,1001.04,-163380.25522288,263,97,25,2998556.75,-0.0014179688703734427,240,-7.103604435920715,0.0003,0.0,1.002082109451294,0.0,0.2,6096572.58125,0.0011137724
26624,1001.0384615384615,-162806.1965618846,274,97,26,4915324.0,-0.002130994736216962,250,-7.10672904253006,0.0003,0.00029296875,1.0028092861175537,-1.5497207641601562e-06,0.2,10283869.8625,0.0020987564
27648,1001.0370370370371,-167751.92480025924,285,96,27,6521212.5,-0.0019303278153529392,260,-7.110897082090378,0.0003,9.765625e-05,1.0038020610809326,2.0265579223632812e-06,0.2,13433743.775,0.0012421822
28672,1001.0357142857143,-165736.6350553214,296,96,28,8765746.0,-0.002851979236584157,270,-7.112923437356949,0.0003,0.000390625,1.0033882856369019,-1.5497207641601562e-06,0.2,16836857.15,0.0021980973
29696,1001.0344827586207,-165837.46313844825,307,96,29,3268370.0,-0.0020417960913619027,280,-7.11154790520668,0.0003,9.765625e-05,1.003488540649414,5.364418029785156e-07,0.2,6572847.5375,0.0017216522
30720,1001.0333333333333,-166138.98931539996,319,96,30,3233056.0,-0.0026306998857762664,290,-7.113856822252274,0.0003,0.00107421875,1.004366159439087,-1.6689300537109375e-06,0.2,6550719.475,0.002944591
31744,1001.0322580645161,-163452.4497800645,330,96,31,3683014.75,-0.0037320052331779154,300,-7.115040439367294,0.0003,0.00712890625,1.0037511587142944,-4.76837158203125e-07,0.2,7473790.7625,0.0044649923
32768,1001.03125,-161610.84285484377,341,95,32,993225.375,-0.00644784007454291,310,-7.113868683576584,0.0003,0.03837890625,1.0039056539535522,-1.1920928955078125e-07,0.2,1960115.2609375,0.005568846
33792,1001.030303030303,-159866.12332990908,351,96,33,1992670.625,-0.0037243162674712948,320,-7.114765495061874,0.0003,0.00361328125,1.0041301250457764,-8.344650268554688e-07,0.2,3949444.8625,0.003073844
34816,1001.0294117647059,-158659.71909458822,363,95,34,1669041.25,-0.006838820391567424,330,-7.114467829465866,0.0003,0.02822265625,1.0037957429885864,5.960464477539063e-08,0.2,3250279.215625,0.0067392327
35840,1001.0285714285715,-156949.01549171426,373,95,35,1851581.75,-0.005020989800686948,340,-7.117439186573028,0.0003,0.01455078125,1.005658507347107,-9.5367431640625e-07,0.2,3170330.678125,0.005628352
36864,1001.0277777777778,-157717.1177558611,384,95,36,3396051.75,-0.0021257893473375588,350,-7.122461557388306,0.0003,0.0001953125,1.005411982536316,-4.649162292480469e-06,0.2,7123417.6625,0.0019115738
37888,1001.027027027027,-158579.48214018918,394,95,37,5299672.5,-0.0020443444314878433,360,-7.1220376789569855,0.0003,0.0,1.0058352947235107,-0.0001100301742553711,0.2,11334552.55,0.0015204689
38912,1001.0263157894736,-158129.21809813156,405,95,38,4547914.0,-0.001340383366914466,370,-7.123555243015289,0.0003,0.0,1.005768060684204,-0.0008920431137084961,0.2,7855979.5875,0.00082829705
39936,1001.025641025641,-157606.5020108974,416,95,39,3055418.5,-0.0053057785495184365,380,-7.127016353607178,0.0003,0.0169921875,1.007421851158142,-3.5762786865234375e-07,0.2,5948712.59375,0.005672537
40960,1001.025,-155090.962906275,427,95,40,1206771.125,-0.003364206408150494,390,-7.1329349935054776,0.0003,0.0109375,1.0076873302459717,0.0,0.2,2254195.459375,0.00428308
41984,1001.0243902439024,-153797.1973023415,437,95,41,1088707.0,-0.003619449830148369,400,-7.130854719877243,0.0003,0.00400390625,1.0068399906158447,0.0,0.2,2523736.290625,0.0037989519
43008,1001.0238095238095,-153880.2399841905,447,96,42,3210960.25,-0.003225164266768843,410,-7.126337295770645,0.0003,0.000390625,1.0060313940048218,1.1920928955078125e-07,0.2,6864164.1375,0.0024426947
44032,1001.0232558139535,-153311.70044718607,458,96,43,2355316.75,-0.0013706866855500266,420,-7.123121464252472,0.0003,9.765625e-05,1.005535364151001,0.0,0.2,4827049.75625,0.0014578488
45056,1001.0222222222222,-153714.37081691113,469,95,44,3834925.25,-0.0018282971868757159,430,-7.12080317735672,0.0003,0.0,1.0050653219223022,-7.152557373046875e-07,0.2,8147558.075,0.0011734657
46080,1001.0217391304348,-154491.93613734786,479,96,45,3718968.0,-0.0064531999960308895,440,-7.1203039467334746,0.0003,0.0244140625,1.0054198503494263,-2.9802322387695312e-06,0.2,7355604.4125,0.0063670827
47104,1001.0212765957447,-155507.48279808514,490,96,46,4757238.5,-0.005116502108285204,450,-7.121338957548142,0.0003,0.01044921875,1.0052868127822876,0.0,0.2,10713085.3125,0.005025192
48128,1001.0208333333334,-156086.78553808335,500,96,47,6749844.5,-0.006561403453815728,460,-7.1199401140213014,0.0003,0.01181640625,1.0048739910125732,-1.1920928955078125e-07,0.2,12708098.4,0.0054263836
49152,1001.0204081632653,-156166.9179364898,511,96,48,4515349.0,-0.0028968457219889386,470,-7.119804042577743,0.0003,0.0015625,1.0054380893707275,-1.1920928955078125e-07,0.2,9759190.0625,0.0027973778
50176,1001.02,-156400.02077620002,521,96,49,3906359.5,-0.0021519095258554443,480,-7.124383038282394,0.0003,0.00029296875,1.006718635559082,-1.1920928955078125e-07,0.2,8448053.65,0.0022039572
51200,1001.0196078431372,-156510.94475756865,532,96,50,4248526.5,-0.0020632276457035912,490,-7.129113954305649,0.0003,0.00185546875,1.007054090499878,-1.1920928955078125e-07,0.2,7851937.05,0.002514449
52224,1001.0192307692307,-156682.3894627308,543,96,51,4064210.25,-0.0019602034968556835,500,-7.128403443098068,0.0003,0.0,1.0065672397613525,-1.1920928955078125e-07,0.2,7877704.15625,0.0018826807
53248,1001.0188679245283,-157161.32741975473,553,96,52,3928049.0,-0.005768681413610466,510,-7.12758783698082,0.0003,0.01826171875,1.0067304372787476,0.0,0.2,7493052.16875,0.0056946855
54272,1001.0185185185185,-157061.78977201856,564,96,53,4762760.0,-0.0011836295743705705,520,-7.129536187648773,0.0003,0.0,1.0074514150619507,0.0,0.2,9656302.86875,0.0009480285
55296,1001.0181818181818,-157912.03544260003,574,96,54,3871371.5,-0.0037672349193599076,530,-7.130909025669098,0.0003,0.00263671875,1.0070455074310303,-2.384185791015625e-07,0.2,8174822.225,0.003687872
56320,1001.0178571428571,-158201.4162785714,585,96,55,6047735.5,-0.0011882777384016664,540,-7.126981031894684,0.0003,0.0,1.0060088634490967,-5.245208740234375e-06,0.2,12400925.6125,0.0005839397
57344,1001.0175438596491,-158133.52108161402,596,96,56,5526353.5,-0.002507109017460607,550,-7.125388288497925,0.0003,0.0005859375,1.0065890550613403,-8.344650268554688e-07,0.2,10599701.925,0.0019720194
58368,1001.0172413793103,-158400.57604018966,606,96,57,3392200.25,-0.0029588489851448685,560,-7.124927484989167,0.0003,0.00029296875,1.0055490732192993,-3.5762786865234375e-07,0.2,7591346.39375,0.0022612342
59392,1001.0169491525423,-159076.51420574574,616,96,58,5424440.0,-0.0029100283223669975,570,-7.125632655620575,0.0003,0.0015625,1.0072921514511108,-5.1856040954589844e-05,0.2,9986959.575,0.0023194256
60416,1001.0166666666667,-159254.2128774333,626,96,59,6741292.5,-0.0011598426877753808,580,-7.133143883943558,0.0003,0.0,1.0082398653030396,-2.384185791015625e-07,0.2,13625548.4,0.0004061716
61440,1001.016393442623,-160103.41805744258,637,96,60,4942831.5,-0.0043081051204353574,590,-7.1353561103343965,0.0003,0.00458984375,1.0080854892730713,0.0,0.2,8909589.08125,0.004135521
62464,1001.016129032258,-160782.4784473064,647,96,61,6433706.5,-0.0012662322726100684,600,-7.135746890306473,0.0003,0.0,1.0087101459503174,-3.5762786865234375e-07,0.2,13240393.3375,0.00065365643
63488,1001.015873015873,-161174.0885694444,657,96,62,7509177.0,-0.0016262013697996736,610,-7.138349729776382,0.0003,0.0,1.0089386701583862,-1.1920928955078125e-07,0.2,13158121.9,0.00090510125
64512,1001.015625,-162364.73720721877,668,96,63,5622308.0,-0.00453843732830137,620,-7.137315952777863,0.0003,0.00439453125,1.0082347393035889,-2.384185791015625e-07,0.2,12234448.95,0.0035389338
65536,1001.0153846153846,-163800.0000128308,678,96,64,9708963.0,-0.003195856278762221,630,-7.134674966335297,0.0003,0.00029296875,1.0080287456512451,-5.960464477539062e-07,0.2,18222127.3875,0.0021175314
66560,1001.0151515151515,-164887.91264010608,689,96,65,7898958.0,-0.0017927531705936417,640,-7.134604805707932,0.0003,0.0,1.008233904838562,0.0,0.2,17782586.8,0.0011130916
67584,1001.0149253731344,-166143.9696308657,699,96,66,9936453.0,-0.0013597651501186191,650,-7.135073125362396,0.0003,0.0,1.008117914199829,-1.0728836059570312e-06,0.2,19544469.125,0.0006096768
68608,1001.0147058823529,-167114.4502635294,710,96,67,9321726.0,-0.002113682421622798,660,-7.135132455825806,0.0003,0.0,1.0083675384521484,-1.1920928955078125e-07,0.2,18177298.075,0.001106611
69632,1001.0144927536232,-168386.88861310144,720,96,68,7004774.0,-0.001236967387376353,670,-7.13541100025177,0.0003,0.0,1.0081031322479248,-2.384185791015625e-07,0.2,15725094.95,0.0006655006
70656,1001.0142857142857,-168837.40990787142,731,96,69,9830438.0,-0.0016275317466352135,680,-7.134834283590317,0.0003,0.0,1.0082666873931885,-1.1920928955078125e-07,0.2,18414858.225,0.0008630179
71680,1001.0140845070423,-169480.02227877468,742,96,70,5539083.0,-0.00545945621561259,690,-7.1352195799350735,0.0003,0.0091796875,1.008122205734253,-1.1920928955078125e-07,0.2,11657454.7625,0.0049362523
72704,1001.0138888888889,-169974.76487929167,752,96,71,8337935.0,-0.002514821488875896,700,-7.133089339733123,0.0003,0.0,1.0074551105499268,-1.3113021850585938e-06,0.2,16459099.8,0.0018343425
73728,1001.013698630137,-170262.0971649315,762,96,72,5174972.5,-0.0021446246246341616,710,-7.130098694562912,0.0003,0.0,1.0070070028305054,-1.1920928955078125e-07,0.2,10079933.3,0.0018261056
74752,1001.0135135135135,-170227.01326293245,772,96,73,5775746.0,-0.003377679066034034,720,-7.128810787200928,0.0003,0.001953125,1.0069923400878906,0.0,0.2,10523772.45,0.0032932183
75776,1001.0133333333333,-170033.78636004002,782,96,74,3508235.25,-0.005340321842231788,730,-7.12992115020752,0.0003,0.018359375,1.0073448419570923,0.0,0.2,7101092.1,0.005931824
76800,1001.0131578947369,-170131.99220427632,793,96,75,3985630.5,-0.0015272729157004505,740,-7.131485813856125,0.0003,0.0,1.0076488256454468,0.0,0.2,7718123.66875,0.0014680154
77824,1001.012987012987,-169823.0943875195,803,96,76,3058137.5,-0.004057410282257479,750,-7.134388607740402,0.0003,0.007421875,1.0084882974624634,5.960464477539063e-08,0.2,6210726.78125,0.00455689
78848,1001.0128205128206,-169750.6532405385,814,96,77,4630732.0,-0.00371974672016222,760,-7.138348537683487,0.0003,0.0046875,1.0092089176177979,0.0,0.2,9003649.34375,0.0035656155
79872,1001.0126582278481,-169933.87573141773,824,96,78,3815349.5,-0.0035569789411965757,770,-7.141098773479461,0.0003,0.005078125,1.0096113681793213,0.0,0.2,7877466.8125,0.0037360976
80896,1001.0125,-169687.569965625,835,96,79,4197150.0,-0.0032783303235191853,780,-7.14134396314621,0.0003,0.0072265625,1.0093225240707397,0.0,0.2,7583617.3375,0.0043486236
81920,1001.0123456790124,-169698.9750387037,846,96,80,4076871.75,-0.0034977558651007714,790,-7.141831016540527,0.0003,0.00703125,1.0098702907562256,-1.1920928955078125e-07,0.2,8024985.85625,0.004066737
82944,1001.0121951219512,-169609.92886899997,856,96,81,3995192.5,-0.0011375171568943187,800,-7.142273825407028,0.0003,0.0,1.009441614151001,0.0,0.2,7752456.86875,0.0011967479
83968,1001.0120481927711,-169780.69214207225,867,96,82,4624545.5,-0.005272199009777978,810,-7.138829547166824,0.0003,0.0115234375,1.0085300207138062,0.0,0.2,8713747.86875,0.005524181
84992,1001.0119047619048,-170415.5812608452,877,96,83,6059273.0,-0.0017063261475414038,820,-7.136398303508758,0.0003,0.0,1.0085976123809814,-2.384185791015625e-07,0.2,12476979.0125,0.0013814138
86016,1001.0117647058823,-170622.07167781173,888,96,84,5777994.5,-0.0023729746375465766,830,-7.136429178714752,0.0003,0.00029296875,1.0083423852920532,0.0,0.2,10922845.575,0.0020588804
87040,1001.0116279069767,-170941.09826016275,898,96,85,5657491.0,-0.005234409362310543,840,-7.135226505994797,0.0003,0.00908203125,1.0081312656402588,-1.1920928955078125e-07,0.2,11262668.6125,0.0046755034
88064,1001.0114942528736,-171041.82585160917,909,96,86,4820011.0,-0.0014378960360772908,850,-7.129897731542587,0.0003,0.0,1.0060245990753174,0.0,0.2,9799120.45,0.0013219828
89088,1001.0113636363636,-170939.39143802272,920,96,87,3629560.25,-0.00498606184264645,860,-7.125418847799301,0.0003,0.012109375,1.0067975521087646,-1.1920928955078125e-07,0.2,7169679.425,0.0055880984
90112,1001.0111111111111,-171589.2658662,931,96,88,5191680.0,-0.0017968930886127054,870,-7.131064486503601,0.0003,0.000390625,1.0081546306610107,-2.384185791015625e-07,0.2,10509747.225,0.0013553292
91136,1001.010989010989,-171698.46506979121,941,96,89,5821232.0,-0.0018186268309364096,880,-7.1366339206695555,0.0003,0.0001953125,1.0089551210403442,5.960464477539063e-08,0.2,12003738.3625,0.0013414301
92160,1001.0108695652174,-172256.90156273913,951,96,90,4537541.5,-0.00419271569699049,890,-7.139056158065796,0.0003,0.00771484375,1.0089975595474243,0.0,0.2,9318528.05,0.003941767
93184,1001.010752688172,-172776.11096982795,962,96,91,7285030.5,-0.004087884176988155,900,-7.136771792173386,0.0003,0.00341796875,1.008007287979126,-1.1920928955078125e-07,0.2,14794793.425,0.0033860104
94208,1001.0106382978723,-173020.84622645745,972,96,92,6776740.0,-0.00557317643542774,910,-7.132573264837265,0.0003,0.00810546875,1.0074472427368164,-1.1920928955078125e-07,0.2,13943520.5125,0.004856809
95232,1001.0105263157894,-173099.06489678947,983,96,93,5603873.5,-0.005429437611019239,920,-7.128490847349167,0.0003,0.009375,1.0062791109085083,0.0,0.2,10854204.5375,0.0051216325
96256,1001.0104166666666,-173112.8087094271,993,96,94,4748649.5,-0.002110897484817542,930,-7.122629952430725,0.0003,0.00068359375,1.0051804780960083,-1.1920928955078125e-07,0.2,9067883.95625,0.0022386652
97280,1001.0103092783505,-172811.28645768043,1003,96,95,4545135.0,-0.004400375741533935,940,-7.120260870456695,0.0003,0.00595703125,1.005455493927002,-1.1920928955078125e-07,0.2,8249253.5,0.004217538
98304,1001.0102040816327,-172638.0663087449,1014,96,96,3282718.75,-0.0037603116041282194,950,-7.119864422082901,0.0003,0.00634765625,1.0047258138656616,1.7881393432617188e-07,0.2,6737147.78125,0.0044711246
99328,1001.010101010101,-172543.34868895958,1025,96,97,3449063.5,-0.0038972570560872554,960,-7.119350272417068,0.0003,0.00849609375,1.0055716037750244,-1.1920928955078125e-07,0.2,7227456.94375,0.0045160362
100352,1001.01,-172503.55600462,1035,96,98,3590887.5,-0.0007868574699386955,970,-7.120256197452545,0.0003,0.0,1.0048558712005615,1.1920928955078125e-07,0.2,7037616.5,0.00056098326
101376,1001.0,-172718.66406395004,1045,96,99,5113143.5,-0.003818811947712675,980,-7.118701142072678,0.0003,0.0037109375,1.0052001476287842,0.0,0.2,8979423.91875,0.003731467
102400,1001.0,-172426.41851643004,1056,96,100,3080702.25,-0.0019008915085578337,990,-7.121580338478088,0.0003,0.000390625,1.0058258771896362,0.0,0.2,6486241.43125,0.0015799496
103424,1001.0,-172504.25917610005,1066,96,101,2314590.0,-0.004620580223854631,1000,-7.124875098466873,0.0003,0.01259765625,1.0065423250198364,1.1920928955078125e-07,0.2,4584201.33125,0.0053201453
104448,1001.0,-173118.09753093004,1076,97,102,4249532.5,-0.0053336824872531,1010,-7.1253600239753725,0.0003,0.01044921875,1.0059125423431396,-1.1920928955078125e-07,0.2,8811893.14375,0.005153492
105472,1001.0,-173451.62000844005,1087,97,103,3041703.5,-0.003989729873137548,1020,-7.122051501274109,0.0003,0.0064453125,1.0053107738494873,5.960464477539063e-08,0.2,6473857.15625,0.0043388456
106496,1001.0,-172541.29576639005,1097,97,104,3151344.0,-0.0009651566448155791,1030,-7.1180708587169645,0.0003,0.0,1.0043967962265015,1.1920928955078125e-07,0.2,5577765.05625,0.0002841194
107520,1001.0,-171947.24093049002,1107,97,105,1300256.25,-0.0075394075771328065,1040,-7.116629707813263,0.0003,0.0390625,1.0047937631607056,0.0,0.2,2448969.30625,0.006507843
108544,1001.0,-172042.20856479005,1117,97,106,1635248.375,-0.0027647208742564546,1050,-7.11749130487442,0.0003,0.008984375,1.004601240158081,-1.1920928955078125e-07,0.2,3645213.56875,0.0046462705
109568,1001.0,-171706.08558841,1128,97,107,2953415.5,-0.004600869392743334,1060,-7.114899915456772,0.0003,0.0140625,1.003745675086975,-2.384185791015625e-07,0.2,5686209.53125,0.005460091
110592,1001.0,-171388.22853534002,1138,97,108,3381810.5,-0.0016397511295508592,1070,-7.110571873188019,0.0003,0.0,1.0029017925262451,-1.1920928955078125e-07,0.2,6043099.94375,0.00141913
111616,1001.0,-170386.22586038001,1149,97,109,1833948.75,-0.002797909147921018,1080,-7.101163113117218,0.0003,0.00302734375,0.9997444152832031,0.0,0.2,3710854.75625,0.0036617457
112640,1001.0,-170155.25437253003,1160,97,110,1687183.75,-0.004452713986393064,1090,-7.094506645202637,0.0003,0.0177734375,1.0006916522979736,-1.1920928955078125e-07,0.2,3368876.915625,0.005477142
113664,1001.0,-169664.38218782004,1174,96,111,1249624.5,-0.004063909876276739,1100,-7.097691690921783,0.0003,0.0091796875,1.0008940696716309,-2.384185791015625e-07,0.2,2604277.7125,0.0040055765
114688,1001.0,-169725.34451283998,1186,96,112,3052885.0,-0.0023584696784382684,1110,-7.099719351530075,0.0003,0.00029296875,1.0014867782592773,-4.76837158203125e-07,0.2,6479268.725,0.0014001329
115712,1001.0,-169271.42024736002,1197,96,113,2130912.25,-0.0013359777280129493,1120,-7.098539215326309,0.0003,0.0,1.0001782178878784,0.0,0.2,4380990.175,0.0009936071
116736,1001.0,-169346.25635459996,1209,96,114,2472517.5,-0.0028759317006915807,1130,-7.092537993192673,0.0003,0.0015625,0.9993604421615601,-1.1920928955078125e-07,0.2,5115313.04375,0.0031716542
117760,1001.0,-168784.43352536001,1220,96,115,3423633.25,-0.002360914013115689,1140,-7.091852623224258,0.0003,0.00078125,0.9999858736991882,-2.86102294921875e-06,0.2,6783310.925,0.0022837254
118784,1001.0,-168365.90222306,1231,96,116,5008162.5,-0.0030463297676760702,1150,-7.094222491979599,0.0003,0.00078125,1.0000759363174438,-2.6226043701171875e-06,0.2,9558283.38125,0.002519063
119808,1001.0,-168176.40487518001,1241,96,117,4633913.0,-0.0039018727431539444,1160,-7.090028965473175,0.0003,0.001171875,0.9981942176818848,-1.1920928955078125e-07,0.2,8715074.8,0.0031338306
120832,1001.0,-168150.41959411997,1252,96,118,6178632.5,-0.0015000657498603688,1170,-7.083930736780166,0.0003,0.0,0.9980095028877258,-0.0004366636276245117,0.2,13775408.7625,0.00080577336
121856,1001.0,-168201.56230219002,1263,96,119,5300027.0,-0.006030101474607363,1180,-7.0864923894405365,0.0003,0.01142578125,0.9990216493606567,-1.1920928955078125e-07,0.2,10312055.9375,0.0049853115
122880,1001.0,-168088.24128902997,1273,96,120,5699690.5,-0.0020102867973037066,1190,-7.089332801103592,0.0003,9.765625e-05,0.9991113543510437,1.7881393432617188e-07,0.2,10445202.0375,0.0013750137
123904,1001.0,-167548.64492514002,1284,96,121,4481804.5,-0.007266451955365483,1200,-7.086458057165146,0.0003,0.0150390625,0.9978843927383423,-2.8967857360839844e-05,0.2,9945063.68125,0.005620216
124928,1001.0,-167461.60316891,1295,96,122,3169056.5,-0.0039660788956098255,1210,-7.088144826889038,0.0003,0.0052734375,1.000127911567688,0.0,0.2,6217919.2625,0.0036372037
125952,1001.0,-166981.97537463,1306,96,123,3438049.25,-0.002947779308306053,1220,-7.097584533691406,0.0003,0.00302734375,1.0010958909988403,1.1920928955078125e-07,0.2,6368511.2625,0.0032722072
126976,1001.0,-167004.95078603,1317,96,124,3510331.0,-0.004680211513186805,1230,-7.102437365055084,0.0003,0.00576171875,1.002396821975708,-1.1920928955078125e-07,0.2,6805437.39375,0.0042125434
128000,1001.0,-165420.61839805,1327,96,125,3182618.25,-0.004704977426445112,1240,-7.106519049406051,0.0003,0.01064453125,1.002608299255371,-1.5497207641601562e-06,0.2,6390780.5625,0.005281942
129024,1001.0,-165627.5087249,1338,96,126,3293472.25,-0.0030381377844605597,1250,-7.104458749294281,0.0003,0.00029296875,1.001400351524353,-1.1920928955078125e-07,0.2,6548409.025,0.002122403
130048,1001.0,-165351.89538076002,1348,96,127,2737963.75,-0.002708281436935067,1260,-7.10149964094162,0.0003,0.00146484375,1.0017645359039307,5.960464477539063e-08,0.2,5927726.2875,0.0021809116
131072,1001.0,-165231.63989646002,1360,96,128,4168013.5,-0.001854225041461177,1270,-7.101064336299896,0.0003,9.765625e-05,1.0010019540786743,-3.5762786865234375e-07,0.2,8360903.675,0.001621672
132096,1001.0,-166023.27838976998,1370,96,129,3918087.0,-0.002822663262486458,1280,-7.099655675888061,0.0003,0.00126953125,1.0014441013336182,0.0,0.2,8135718.675,0.0025305685
133120,1001.0,-166578.82342471,1382,96,130,4073715.25,-0.0034264316549524666,1290,-7.099768179655075,0.0003,0.00234375,1.000751256942749,-2.384185791015625e-07,0.2,7948190.64375,0.0031794403
134144,1001.0,-167782.45210795998,1393,96,131,4724386.5,-0.0013287607405800372,1300,-7.095995628833771,0.0003,0.0,1.0001083612442017,-1.1920928955078125e-07,0.2,8256717.88125,0.0009632128
135168,1001.0,-168364.17042547,1404,96,132,5234876.5,-0.0027041112072765825,1310,-7.093803882598877,0.0003,0.0009765625,0.9998595118522644,1.1920928955078125e-07,0.2,10619831.3,0.00225271
136192,1001.0,-168120.72029775998,1415,96,133,3643488.75,-0.002535342198098078,1320,-7.09271325469017,0.0003,9.765625e-05,0.9996392130851746,-1.1920928955078125e-07,0.2,7551546.05625,0.0023296122
137216,1001.0,-167525.99182714,1427,96,134,4648688.5,-0.004832926933886483,1330,-7.090072417259217,0.0003,0.00634765625,0.9987225532531738,1.1920928955078125e-07,0.2,9338900.44375,0.0042999834
138240,1001.0,-167859.6848537,1440,95,135,2676220.75,-0.0022954472282435746,1340,-7.086080372333527,0.0003,0.00048828125,0.9981887936592102,0.0,0.2,5027867.21875,0.0022093218
139264,1001.0,-168276.54144488,1450,96,136,4465543.5,-0.0012971924705198034,1350,-7.085412031412124,0.0003,0.0,0.9985008239746094,-1.1920928955078125e-07,0.2,10156268.6125,0.0011269499
140288,1001.0,-169405.76721199,1461,95,137,4710974.5,-0.0022461706423200665,1360,-7.08501353263855,0.0003,9.765625e-05,0.9978076219558716,-1.1920928955078125e-07,0.2,9644395.73125,0.0016586909
141312,1001.0,-170565.65110913,1472,95,138,4371640.0,-0.003720650458126329,1370,-7.081894296407699,0.0003,0.001171875,0.997397243976593,0.0,0.2,8976882.39375,0.0031226175
142336,1001.0,-171281.8187836,1485,95,139,7699508.5,-0.0048509467858821155,1380,-7.081337314844132,0.0003,0.00283203125,0.9975477457046509,-0.000580906867980957,0.2,16199661.275,0.0033494444
143360,1001.0,-172225.01450741998,1498,95,140,8463183.0,-0.002356364141451195,1390,-7.0835903823375705,0.0003,0.0,0.9983009099960327,-8.225440979003906e-06,0.2,17696342.8125,0.0013290492
144384,1001.0,-172880.1454576,1509,95,141,8807874.0,-0.0017038962279912085,1400,-7.086174792051315,0.0003,0.0,0.9984664916992188,-0.00043952465057373047,0.2,17717031.1875,0.0010219626
145408,1001.0,-173230.11581832002,1520,95,142,8096730.5,-0.0024137617641827092,1410,-7.085638397932053,0.0003,9.765625e-05,0.9980932474136353,-2.1576881408691406e-05,0.2,17871598.85,0.0013185855
146432,1001.0,-173999.43224300002,1531,95,143,5452866.0,-0.0027111132105346767,1420,-7.08324773311615,0.0003,0.0001953125,0.9975117444992065,-3.5762786865234375e-07,0.2,11715443.0875,0.002029121
147456,1001.0,-174825.39084833997,1542,95,144,13863543.0,-0.0031403220316860827,1430,-7.081453543901444,0.0003,0.00048828125,0.9973723292350769,-0.00019943714141845703,0.2,25964640.825,0.0014568265
148480,1001.0,-175591.04563711997,1554,95,145,13849374.0,-0.0018563231220468878,1440,-7.079547727108002,0.0003,0.0,0.9966580271720886,-0.00017523765563964844,0.2,27415031.975,0.00060571387
149504,1001.0,-176652.95712816,1565,95,146,13488968.0,-0.0014971327618695796,1450,-7.07731339931488,0.0003,0.0,0.9966403245925903,-2.384185791015625e-07,0.2,23887593.425,0.00067635806
150528,1001.0,-177884.50068405003,1575,95,147,12743669.0,-0.001429663400631398,1460,-7.078610771894455,0.0003,0.0,0.9971645474433899,-1.1920928955078125e-07,0.2,23501083.95,0.00031350245
151552,1001.0,-178705.19976998,1586,95,148,13596308.0,-0.0019396187853999436,1470,-7.0803469836711885,0.0003,0.0,0.9972168207168579,-2.384185791015625e-07,0.2,25218860.2,0.0008324366
152576,1001.0,-179619.4418173,1597,95,149,8254789.5,-0.0014975862170103938,1480,-7.083383840322495,0.0003,0.0,0.9985572099685669,-2.384185791015625e-07,0.2,19099844.0375,0.0006425787
153600,1001.0,-179928.96268129002,1607,95,150,11742065.0,-0.00426646793494001,1490,-7.086991596221924,0.0003,0.00048828125,0.9983188509941101,-1.1920928955078125e-07,0.2,22084655.55,0.0022805342
154624,1001.0,-180711.35821476005,1618,95,151,7812740.0,-0.0018544011341873556,1500,-7.087058812379837,0.0003,0.0,0.998836874961853,0.0,0.2,16123911.6375,0.0011538635
155648,1001.0,-180958.25162565,1628,95,152,10678597.0,-0.0015394795860629528,1510,-7.090405911207199,0.0003,0.0,0.9995936155319214,0.0,0.2,18208840.8,0.00058192917
156672,1001.0,-181675.78291339,1639,95,153,9323388.0,-0.0024815368291456253,1520,-7.091673427820206,0.0003,0.0,0.9992333650588989,-2.384185791015625e-07,0.2,19348007.7125,0.0010174932
157696,1001.0,-182653.89029707,1651,95,154,9398828.0,-0.0028438409557566048,1530,-7.090268468856811,0.0003,0.0,0.9992786645889282,0.0,0.2,18903651.45,0.0017297928
158720,1001.0,-183070.31254167,1663,95,155,11863828.0,-0.003519908699672669,1540,-7.089279776811599,0.0003,0.0,0.998696506023407,-4.76837158203125e-07,0.2,23672909.5,0.0013088061
159744,1001.0,-182985.33735263997,1676,95,156,6589898.0,-0.004307396002695895,1550,-7.087857121229172,0.0003,0.00458984375,0.9987901449203491,0.0,0.2,13825605.4875,0.0034542533
160768,1001.0,-183898.32019029,1689,95,157,11458871.0,-0.002686956420075148,1560,-7.086273121833801,0.0003,0.0,0.9979608654975891,5.960464477539063e-08,0.2,19572343.025,0.00087716396
161792,1001.0,-184097.42102659002,1699,95,158,9324810.0,-0.001707364054163918,1570,-7.083106911182403,0.0003,0.0,0.9975694417953491,0.0,0.2,17876993.15,0.00052541064
162816,1001.0,-183865.42591157,1710,95,159,6704659.5,-0.0033881440875120463,1580,-7.08346796631813,0.0003,9.765625e-05,0.9981478452682495,-1.1086463928222656e-05,0.2,17814563.1875,0.002042544
163840,1001.0,-184130.16556040003,1721,95,160,6264903.5,-0.0031781154917553066,1590,-7.086211836338043,0.0003,0.0009765625,0.9986025094985962,-1.1920928955078125e-07,0.2,11746005.7125,0.0023901893
164864,1001.0,-183435.13798300002,1732,95,161,10022791.0,-0.0014539722411427646,1600,-7.0877059400081635,0.0003,0.0,0.998740553855896,-1.1920928955078125e-07,0.2,17596842.5375,0.00052787317
165888,1001.0,-182501.34082928003,1743,95,162,5100683.0,-0.0019072544586379082,1610,-7.088139587640763,0.0003,0.0,0.9987764358520508,-1.1920928955078125e-07,0.2,10269126.025,0.0011260936
166912,1001.0,-182020.90258743003,1753,95,163,5698513.0,-0.004302974964957684,1620,-7.0888078033924105,0.0003,0.00234375,0.9989410638809204,-1.1920928955078125e-07,0.2,11906830.65,0.0032185733
167936,1001.0,-181762.61038739004,1764,95,164,8344907.0,-0.0018286522245034575,1630,-7.0906971335411075,0.0003,0.0,0.9996439218521118,0.0,0.2,14928873.2375,0.0008880168
168960,1001.0,-181214.83384667002,1776,95,165,7250906.0,-0.002915032033342868,1640,-7.093643790483474,0.0003,0.0005859375,1.0000371932983398,-1.1920928955078125e-07,0.2,13646878.8125,0.0019665111
169984,1001.0,-180564.87825869,1790,94,166,5429806.5,-0.0023950067843543366,1650,-7.089990675449371,0.0003,0.0,0.9980134963989258,-2.1457672119140625e-06,0.2,11533249.0375,0.0012826587
171008,1001.0,-180600.81702627998,1801,94,167,8709683.0,-0.001384381571551785,1660,-7.082225680351257,0.0003,0.0,0.9973518252372742,-4.291534423828125e-06,0.2,16230937.3,0.00044288975
172032,1001.0,-180644.78379768002,1812,94,168,7212587.5,-0.004026981914648786,1670,-7.0816761493682865,0.0003,0.00185546875,0.9977089166641235,-2.384185791015625e-07,0.2,15816176.3125,0.0029003462
173056,1001.0,-180787.18046919,1822,94,169,9261656.0,-0.002364017185755074,1680,-7.082153218984604,0.0003,0.0,0.9973989725112915,-7.152557373046875e-07,0.2,17434750.875,0.00091620313
174080,1001.0,-181032.81004946,1833,94,170,8106997.5,-0.0016265324549749494,1690,-7.084598928689957,0.0003,0.0,0.998931884765625,-1.0728836059570312e-06,0.2,16669286.9,0.00059682893
175104,1001.0,-181427.45846737002,1845,94,171,8494214.0,-0.0026964464108459652,1700,-7.089891362190246,0.0003,0.0001953125,0.9991704225540161,-1.728534698486328e-05,0.2,16273298.775,0.0015904682
176128,1001.0,-181817.39906484005,1859,94,172,7386355.0,-0.0020245568710379304,1710,-7.089066791534424,0.0003,0.0,0.9986982345581055,1.1920928955078125e-07,0.2,13619870.0625,0.00076217
177152,1001.0,-182033.14029569,1872,94,173,5722135.5,-0.0032391200482379647,1720,-7.086275500059128,0.0003,0.0001953125,0.9980428814888,0.0,0.2,12220528.6375,0.002211718
178176,1001.0,-182742.41437629997,1883,94,174,7442249.5,-0.003252305235946551,1730,-7.085161757469177,0.0003,9.765625e-05,0.998381495475769,-5.960464477539062e-07,0.2,14232482.7625,0.0020580846
179200,1001.0,-183784.00470304,1895,94,175,9791569.0,-0.00217597353621386,1740,-7.087656253576279,0.0003,0.0,0.9989268183708191,-1.1920928955078125e-07,0.2,18056942.2875,0.001099531
180224,1001.0,-184722.96385024005,1907,94,176,8527240.0,-0.0032464532647281884,1750,-7.0892757177352905,0.0003,9.765625e-05,0.9989705085754395,-1.1920928955078125e-07,0.2,17645353.1625,0.002558104
181248,1001.0,-185028.22438449998,1918,94,177,8814234.0,-0.005105401284527034,1760,-7.090619361400604,0.0003,0.00419921875,0.9995144009590149,1.1920928955078125e-07,0.2,19123746.275,0.0034796195
182272,1001.0,-185707.61985234,1929,94,178,7435803.0,-0.004112401633756235,1770,-7.091827762126923,0.0003,0.00166015625,0.9994240999221802,-1.1920928955078125e-07,0.2,13976130.3,0.0030418132
183296,1001.0,-185721.46025044002,1941,94,179,8508330.0,-0.0014195917290635407,1780,-7.093622189760208,0.0003,0.00029296875,1.0004377365112305,-1.1920928955078125e-07,0.2,17761270.3375,0.00072865596
184320,1001.0,-185247.99940415003,1951,94,180,5165656.5,-0.003750331496121362,1790,-7.0963889241218565,0.0003,0.00419921875,1.00018310546875,0.0,0.2,10763246.0625,0.0035859086
185344,1001.0,-185692.41259785005,1962,94,181,4762574.5,-0.006457225087797269,1800,-7.092466020584107,0.0003,0.01494140625,0.9988569021224976,1.1920928955078125e-07,0.2,10216992.93125,0.0056426562
186368,1001.0,-185740.77508974005,1972,94,182,10293386.0,-0.002191419166047126,1810,-7.088617616891861,0.0003,0.0,0.9990994334220886,0.0,0.2,18802890.6125,0.0009837234
187392,1001.0,-185916.11446283,1983,94,183,6634278.0,-0.0036422814679099246,1820,-7.091934353113174,0.0003,0.0013671875,0.999986469745636,-1.1920928955078125e-07,0.2,13672305.725,0.002801668
188416,1001.0,-186395.68509816003,1994,94,184,7249424.5,-0.004255615844158456,1830,-7.096413028240204,0.0003,0.004296875,1.0007388591766357,-1.1920928955078125e-07,0.2,14176712.6375,0.0034495909
189440,1001.0,-186765.01790205005,2004,94,185,6846670.0,-0.005325264384737238,1840,-7.099569350481033,0.0003,0.00595703125,1.0013288259506226,5.960464477539063e-08,0.2,14208366.325,0.0039307
190464,1001.0,-187427.18819561,2015,94,186,9544987.0,-0.0028443268209230156,1850,-7.099669027328491,0.0003,9.765625e-05,1.0007895231246948,-1.1920928955078125e-07,0.2,20604564.3125,0.0016151748
191488,1001.0,-187911.45282634,2026,94,187,12451926.0,-0.0022449917683843522,1860,-7.097473788261413,0.0003,9.765625e-05,1.000530481338501,-1.1920928955078125e-07,0.2,24250622.3,0.0010980819
192512,1001.0,-188278.01488885,2037,94,188,8395181.0,-0.0026978191919624804,1870,-7.098596465587616,0.0003,0.0,1.0013420581817627,0.0,0.2,17963175.7625,0.0016099073
193536,1001.0,-188231.15667329996,2048,94,189,10680585.0,-0.0023892575816717,1880,-7.101956933736801,0.0003,9.765625e-05,1.0017448663711548,-2.5033950805664062e-06,0.2,20993470.8,0.0013676672
194560,1001.0,-188542.68983572998,2060,94,190,8221888.0,-0.004658927553100512,1890,-7.103219813108444,0.0003,0.00263671875,1.0017783641815186,-1.1920928955078125e-07,0.2,16735329.325,0.0032328512
195584,1001.0,-189399.65884298002,2070,94,191,8619896.0,-0.0031054095597937703,1900,-7.103308260440826,0.0003,0.0,1.0019057989120483,0.0,0.2,16509505.9875,0.0014502718
196608,1001.0,-190140.11018150003,2082,94,192,11098231.0,-0.0018349477846641093,1910,-7.102371561527252,0.0003,0.0,1.0012013912200928,-1.1920928955078125e-07,0.2,23904814.025,0.000876296
197632,1001.0,-191167.84231736994,2093,94,193,9484678.0,-0.0017877453123219312,1920,-7.098742377758026,0.0003,0.0,1.0005755424499512,-1.1920928955078125e-07,0.2,21647055.45,0.0010277011
198656,1001.0,-192357.83561716997,2104,94,194,10302290.0,-0.0011059689742978663,1930,-7.097777658700943,0.0003,0.0,1.0009232759475708,-0.000301361083984375,0.2,20917642.85,0.0002866683
199680,1001.0,-193544.45282757998,2115,94,195,12799970.0,-0.0011253038654103875,1940,-7.099827939271927,0.0003,0.0,1.0012896060943604,-1.1920928955078125e-07,0.2,28274852.325,0.00039765926
200704,1001.0,-194939.24358975,2126,94,196,12601956.0,-0.0022457531245891004,1950,-7.100083613395691,0.0003,0.0,1.0009281635284424,1.1920928955078125e-07,0.2,24766372.35,0.00077009643
